example_origin,session_id,scan_id,received_at_utc,total_ap_count,occupied_channel_count,max_channel_ap_count,mean_rssi_dbm,strongest_rssi_dbm,max_overlap_weighted_ap_count,heuristic_risk,heuristic_label
esp32_recording,6c570c46f41c411383b2103ec81da26c,887,2026-10-10T19:15:40.322957+00:00,2.0,2.0,1.0,-83.9,-83.0,0.82,0.2193,LOW
esp32_recording,6c570c46f41c411383b2103ec81da26c,888,2026-10-10T19:15:46.924795+00:00,2.0,2.0,1.0,-86.6,-85.0,0.82,0.2136,LOW
esp32_recording,6c570c46f41c411383b2103ec81da26c,889,2026-10-10T19:15:53.737139+00:00,3.0,3.0,1.0,-89.4,-86.0,1.64,0.3115,LOW
esp32_recording,6c570c46f41c411383b2103ec81da26c,890,2026-10-10T19:16:00.341126+00:00,2.0,2.0,1.0,-88.6,-87.0,0.82,0.2079,LOW
esp32_recording,6c570c46f41c411383b2103ec81da26c,891,2026-10-10T19:16:06.733917+00:00,1.0,1.0,1.0,-80.0,-80.0,0.82,0.1579,LOW
esp32_recording,6c570c46f41c411383b2103ec81da26c,892,2026-10-10T19:16:13.344158+00:00,2.0,2.0,1.0,-86.9,-86.0,0.82,0.2108,LOW
esp32_recording,6c570c46f41c411383b2103ec81da26c,893,2026-10-10T19:16:20.163102+00:00,3.0,3.0,1.0,-87.0,-85.0,1.64,0.3144,LOW
esp32_recording,6c570c46f41c411383b2103ec81da26c,894,2026-10-10T19:16:26.551200+00:00,1.0,1.0,1.0,-89.0,-89.0,0.82,0.1322,LOW
esp32_recording,6c570c46f41c411383b2103ec81da26c,895,2026-10-10T19:16:33.161764+00:00,2.0,2.0,1.0,-83.2,-81.0,0.82,0.225,LOW
esp32_recording,6c570c46f41c411383b2103ec81da26c,896,2026-10-10T19:16:39.555079+00:00,1.0,1.0,1.0,-86.0,-86.0,0.82,0.1408,LOW
esp32_recording,6c570c46f41c411383b2103ec81da26c,897,2026-10-10T19:16:45.955684+00:00,1.0,1.0,1.0,-88.0,-88.0,0.82,0.135,LOW
esp32_recording,6c570c46f41c411383b2103ec81da26c,898,2026-10-10T19:16:52.565351+00:00,2.0,2.0,1.0,-84.2,-83.0,0.82,0.2193,LOW
