example_origin,scenario,total_ap_count,occupied_channel_count,max_channel_ap_count,mean_rssi_dbm,strongest_rssi_dbm,max_overlap_weighted_ap_count,heuristic_risk,heuristic_label
synthetic_demonstration,low,2.0,1.0,2.0,-90.2,-88.0,1.64,0.2108,LOW
synthetic_demonstration,low,0.0,0.0,0.0,-100.0,-100.0,0.0,0.0,LOW
synthetic_demonstration,low,2.0,1.0,2.0,-79.6,-78.0,1.64,0.2394,LOW
synthetic_demonstration,low,0.0,0.0,0.0,-100.0,-100.0,0.0,0.0,LOW
synthetic_demonstration,low,0.0,0.0,0.0,-100.0,-100.0,0.0,0.0,LOW
synthetic_demonstration,low,0.0,0.0,0.0,-100.0,-100.0,0.0,0.0,LOW
synthetic_demonstration,low,0.0,0.0,0.0,-100.0,-100.0,0.0,0.0,LOW
synthetic_demonstration,low,2.0,1.0,2.0,-91.0,-89.0,1.64,0.2079,LOW
synthetic_demonstration,low,2.0,1.0,2.0,-80.6,-78.0,1.64,0.2394,LOW
synthetic_demonstration,low,2.0,2.0,1.0,-84.8,-82.0,0.94,0.2267,LOW
synthetic_demonstration,low,1.0,1.0,1.0,-89.0,-89.0,0.82,0.1322,LOW
synthetic_demonstration,low,0.0,0.0,0.0,-100.0,-100.0,0.0,0.0,LOW
synthetic_demonstration,low,0.0,0.0,0.0,-100.0,-100.0,0.0,0.0,LOW
synthetic_demonstration,low,1.0,1.0,1.0,-84.0,-84.0,0.82,0.1465,LOW
synthetic_demonstration,low,2.0,2.0,1.0,-80.9,-78.0,0.94,0.2381,LOW
synthetic_demonstration,low,1.0,1.0,1.0,-78.0,-78.0,0.82,0.1636,LOW
synthetic_demonstration,low,2.0,1.0,2.0,-85.8,-84.0,1.64,0.2222,LOW
synthetic_demonstration,low,0.0,0.0,0.0,-100.0,-100.0,0.0,0.0,LOW
synthetic_demonstration,low,0.0,0.0,0.0,-100.0,-100.0,0.0,0.0,LOW
synthetic_demonstration,low,2.0,1.0,2.0,-86.9,-86.0,1.64,0.2165,LOW
synthetic_demonstration,low,1.0,1.0,1.0,-81.0,-81.0,0.82,0.155,LOW
synthetic_demonstration,low,0.0,0.0,0.0,-100.0,-100.0,0.0,0.0,LOW
synthetic_demonstration,low,1.0,1.0,1.0,-89.0,-89.0,0.82,0.1322,LOW
synthetic_demonstration,low,2.0,1.0,2.0,-91.2,-90.0,1.64,0.2051,LOW
synthetic_demonstration,low,2.0,1.0,2.0,-85.2,-83.0,1.64,0.2251,LOW
synthetic_demonstration,low,2.0,1.0,2.0,-80.2,-78.0,1.64,0.2394,LOW
synthetic_demonstration,low,0.0,0.0,0.0,-100.0,-100.0,0.0,0.0,LOW
synthetic_demonstration,low,0.0,0.0,0.0,-100.0,-100.0,0.0,0.0,LOW
synthetic_demonstration,low,1.0,1.0,1.0,-87.0,-87.0,0.82,0.1379,LOW
synthetic_demonstration,low,0.0,0.0,0.0,-100.0,-100.0,0.0,0.0,LOW
synthetic_demonstration,low,2.0,2.0,1.0,-81.8,-80.0,0.94,0.2324,LOW
synthetic_demonstration,low,2.0,2.0,1.0,-91.0,-91.0,0.94,0.201,LOW
synthetic_demonstration,low,2.0,2.0,1.0,-79.6,-78.0,0.94,0.2381,LOW
synthetic_demonstration,low,1.0,1.0,1.0,-88.0,-88.0,0.82,0.135,LOW
synthetic_demonstration,low,2.0,1.0,2.0,-92.5,-92.0,1.64,0.1994,LOW
synthetic_demonstration,low,2.0,1.0,2.0,-82.5,-82.0,1.64,0.2279,LOW
synthetic_demonstration,low,2.0,2.0,1.0,-78.5,-78.0,0.94,0.2381,LOW
synthetic_demonstration,low,2.0,2.0,1.0,-80.8,-78.0,0.94,0.2381,LOW
synthetic_demonstration,low,2.0,2.0,1.0,-84.6,-82.0,0.94,0.2267,LOW
synthetic_demonstration,low,1.0,1.0,1.0,-87.0,-87.0,0.82,0.1379,LOW
synthetic_demonstration,low,2.0,1.0,2.0,-87.8,-86.0,1.64,0.2165,LOW
synthetic_demonstration,low,0.0,0.0,0.0,-100.0,-100.0,0.0,0.0,LOW
synthetic_demonstration,low,2.0,2.0,1.0,-87.6,-85.0,0.94,0.2181,LOW
synthetic_demonstration,low,0.0,0.0,0.0,-100.0,-100.0,0.0,0.0,LOW
synthetic_demonstration,low,0.0,0.0,0.0,-100.0,-100.0,0.0,0.0,LOW
synthetic_demonstration,low,1.0,1.0,1.0,-88.0,-88.0,0.82,0.135,LOW
synthetic_demonstration,low,0.0,0.0,0.0,-100.0,-100.0,0.0,0.0,LOW
synthetic_demonstration,low,2.0,1.0,2.0,-93.0,-93.0,1.64,0.1965,LOW
synthetic_demonstration,medium,5.0,3.0,3.0,-63.3,-62.0,2.58,0.5053,MEDIUM
synthetic_demonstration,medium,7.0,1.0,7.0,-62.9,-59.0,5.74,0.6071,MEDIUM
synthetic_demonstration,medium,7.0,1.0,7.0,-65.0,-59.0,5.74,0.6071,MEDIUM
synthetic_demonstration,medium,6.0,2.0,3.0,-64.5,-60.0,2.46,0.5265,MEDIUM
synthetic_demonstration,medium,5.0,3.0,3.0,-64.3,-63.0,2.58,0.5025,MEDIUM
synthetic_demonstration,medium,5.0,1.0,5.0,-64.0,-60.0,4.1,0.5143,MEDIUM
synthetic_demonstration,medium,5.0,1.0,5.0,-61.1,-58.0,4.1,0.52,MEDIUM
synthetic_demonstration,medium,5.0,1.0,5.0,-63.0,-59.0,4.1,0.5171,MEDIUM
synthetic_demonstration,medium,7.0,1.0,7.0,-62.5,-60.0,5.74,0.6043,MEDIUM
synthetic_demonstration,medium,7.0,2.0,4.0,-62.7,-59.0,3.64,0.6186,MEDIUM
synthetic_demonstration,medium,5.0,2.0,3.0,-61.4,-58.0,2.7,0.4963,MEDIUM
synthetic_demonstration,medium,7.0,2.0,4.0,-65.1,-62.0,3.64,0.6101,MEDIUM
synthetic_demonstration,medium,7.0,2.0,4.0,-62.3,-58.0,3.28,0.608,MEDIUM
synthetic_demonstration,medium,5.0,3.0,2.0,-62.0,-59.0,1.88,0.4876,MEDIUM
synthetic_demonstration,medium,5.0,3.0,3.0,-61.2,-59.0,2.58,0.5139,MEDIUM
synthetic_demonstration,medium,7.0,1.0,7.0,-63.1,-60.0,5.74,0.6043,MEDIUM
synthetic_demonstration,medium,6.0,2.0,4.0,-61.8,-58.0,3.28,0.563,MEDIUM
synthetic_demonstration,medium,6.0,2.0,5.0,-61.2,-58.0,4.22,0.59,MEDIUM
synthetic_demonstration,medium,6.0,2.0,4.0,-60.8,-58.0,3.52,0.572,MEDIUM
synthetic_demonstration,medium,6.0,3.0,2.0,-63.8,-60.0,1.88,0.5298,MEDIUM
synthetic_demonstration,medium,5.0,3.0,2.0,-62.1,-59.0,1.88,0.4876,MEDIUM
synthetic_demonstration,medium,5.0,2.0,4.0,-65.5,-61.0,3.4,0.5139,MEDIUM
synthetic_demonstration,medium,7.0,1.0,7.0,-61.2,-59.0,5.74,0.6071,MEDIUM
synthetic_demonstration,medium,6.0,2.0,5.0,-63.6,-60.0,4.22,0.5843,MEDIUM
synthetic_demonstration,medium,6.0,1.0,6.0,-62.3,-58.0,4.92,0.565,MEDIUM
synthetic_demonstration,medium,6.0,2.0,4.0,-60.3,-58.0,3.52,0.572,MEDIUM
synthetic_demonstration,medium,6.0,1.0,6.0,-62.8,-58.0,4.92,0.565,MEDIUM
synthetic_demonstration,medium,6.0,2.0,4.0,-62.9,-59.0,3.52,0.5691,MEDIUM
synthetic_demonstration,medium,5.0,1.0,5.0,-61.9,-59.0,4.1,0.5171,MEDIUM
synthetic_demonstration,medium,6.0,2.0,4.0,-63.3,-59.0,3.52,0.5691,MEDIUM
synthetic_demonstration,medium,6.0,3.0,2.0,-61.3,-59.0,1.88,0.5326,MEDIUM
synthetic_demonstration,medium,7.0,1.0,7.0,-65.8,-63.0,5.74,0.5957,MEDIUM
synthetic_demonstration,medium,6.0,1.0,6.0,-60.9,-58.0,4.92,0.565,MEDIUM
synthetic_demonstration,medium,5.0,1.0,5.0,-63.0,-61.0,4.1,0.5114,MEDIUM
synthetic_demonstration,medium,6.0,3.0,3.0,-61.5,-58.0,2.58,0.5617,MEDIUM
synthetic_demonstration,medium,7.0,1.0,7.0,-62.7,-58.0,5.74,0.61,MEDIUM
synthetic_demonstration,medium,7.0,2.0,4.0,-62.6,-59.0,3.64,0.6186,MEDIUM
synthetic_demonstration,medium,6.0,2.0,5.0,-64.4,-61.0,4.22,0.5814,MEDIUM
synthetic_demonstration,medium,6.0,2.0,4.0,-62.5,-59.0,3.52,0.5691,MEDIUM
synthetic_demonstration,medium,6.0,3.0,3.0,-62.8,-59.0,2.7,0.5634,MEDIUM
synthetic_demonstration,medium,6.0,1.0,6.0,-62.5,-59.0,4.92,0.5621,MEDIUM
synthetic_demonstration,medium,6.0,1.0,6.0,-61.6,-59.0,4.92,0.5621,MEDIUM
synthetic_demonstration,medium,5.0,1.0,5.0,-63.6,-61.0,4.1,0.5114,MEDIUM
synthetic_demonstration,medium,5.0,1.0,5.0,-63.2,-58.0,4.1,0.52,MEDIUM
synthetic_demonstration,medium,5.0,2.0,3.0,-60.4,-58.0,2.7,0.4963,MEDIUM
synthetic_demonstration,medium,6.0,2.0,5.0,-61.1,-58.0,4.22,0.59,MEDIUM
synthetic_demonstration,medium,5.0,1.0,5.0,-63.5,-59.0,4.1,0.5171,MEDIUM
synthetic_demonstration,medium,5.0,2.0,3.0,-61.8,-59.0,2.7,0.4934,MEDIUM
synthetic_demonstration,high,12.0,3.0,6.0,-41.9,-36.0,7.4,0.8579,HIGH
synthetic_demonstration,high,13.0,3.0,6.0,-40.3,-37.0,8.2,0.855,HIGH
synthetic_demonstration,high,11.0,3.0,7.0,-39.8,-35.0,6.9,0.8607,HIGH
synthetic_demonstration,high,13.0,3.0,5.0,-38.9,-35.0,7.96,0.8607,HIGH
synthetic_demonstration,high,11.0,3.0,5.0,-39.9,-35.0,6.32,0.8607,HIGH
synthetic_demonstration,high,13.0,3.0,7.0,-39.3,-35.0,8.44,0.8607,HIGH
synthetic_demonstration,high,14.0,3.0,6.0,-40.5,-36.0,8.04,0.8579,HIGH
synthetic_demonstration,high,14.0,3.0,5.0,-43.5,-37.0,8.28,0.855,HIGH
synthetic_demonstration,high,14.0,3.0,6.0,-41.7,-35.0,8.52,0.8607,HIGH
synthetic_demonstration,high,14.0,3.0,6.0,-41.9,-37.0,8.52,0.855,HIGH
synthetic_demonstration,high,12.0,3.0,5.0,-40.4,-35.0,7.38,0.8607,HIGH
synthetic_demonstration,high,13.0,3.0,6.0,-41.7,-38.0,9.02,0.8521,HIGH
synthetic_demonstration,high,13.0,3.0,5.0,-40.1,-35.0,8.2,0.8607,HIGH
synthetic_demonstration,high,14.0,3.0,7.0,-40.9,-35.0,8.3,0.8607,HIGH
synthetic_demonstration,high,14.0,3.0,9.0,-41.9,-35.0,9.76,0.8607,HIGH
synthetic_demonstration,high,12.0,3.0,5.0,-40.1,-36.0,7.14,0.8579,HIGH
synthetic_demonstration,high,14.0,3.0,6.0,-39.8,-35.0,8.04,0.8607,HIGH
synthetic_demonstration,high,12.0,3.0,6.0,-40.8,-37.0,6.9,0.855,HIGH
synthetic_demonstration,high,13.0,3.0,6.0,-39.5,-35.0,8.2,0.8607,HIGH
synthetic_demonstration,high,13.0,3.0,7.0,-40.1,-35.0,8.44,0.8607,HIGH
synthetic_demonstration,high,14.0,3.0,6.0,-40.9,-36.0,8.04,0.8579,HIGH
synthetic_demonstration,high,11.0,3.0,5.0,-42.7,-37.0,7.32,0.855,HIGH
synthetic_demonstration,high,12.0,3.0,6.0,-41.2,-35.0,7.9,0.8607,HIGH
synthetic_demonstration,high,14.0,3.0,7.0,-41.9,-36.0,9.02,0.8579,HIGH
synthetic_demonstration,high,13.0,3.0,5.0,-40.2,-36.0,7.46,0.8579,HIGH
synthetic_demonstration,high,14.0,3.0,6.0,-40.3,-35.0,8.52,0.8607,HIGH
synthetic_demonstration,high,12.0,3.0,5.0,-39.8,-35.0,7.64,0.8607,HIGH
synthetic_demonstration,high,12.0,3.0,5.0,-40.3,-35.0,7.38,0.8607,HIGH
synthetic_demonstration,high,13.0,3.0,6.0,-40.6,-35.0,9.02,0.8607,HIGH
synthetic_demonstration,high,12.0,3.0,5.0,-39.9,-35.0,7.14,0.8607,HIGH
synthetic_demonstration,high,14.0,3.0,8.0,-40.2,-35.0,9.46,0.8607,HIGH
synthetic_demonstration,high,13.0,3.0,6.0,-41.1,-35.0,8.22,0.8607,HIGH
synthetic_demonstration,high,12.0,3.0,6.0,-39.2,-35.0,8.2,0.8607,HIGH
synthetic_demonstration,high,11.0,3.0,5.0,-41.4,-35.0,6.82,0.8607,HIGH
synthetic_demonstration,high,14.0,3.0,5.0,-41.5,-37.0,8.2,0.855,HIGH
synthetic_demonstration,high,11.0,3.0,5.0,-39.1,-36.0,6.82,0.8579,HIGH
synthetic_demonstration,high,11.0,3.0,4.0,-39.3,-36.0,6.56,0.8579,HIGH
synthetic_demonstration,high,12.0,3.0,7.0,-42.4,-38.0,8.12,0.8521,HIGH
synthetic_demonstration,high,13.0,3.0,6.0,-40.4,-35.0,8.2,0.8607,HIGH
synthetic_demonstration,high,14.0,3.0,7.0,-39.7,-35.0,9.02,0.8607,HIGH
synthetic_demonstration,high,13.0,3.0,5.0,-40.0,-36.0,8.2,0.8579,HIGH
synthetic_demonstration,high,12.0,3.0,6.0,-39.4,-35.0,7.88,0.8607,HIGH
synthetic_demonstration,high,11.0,3.0,4.0,-41.0,-35.0,6.56,0.8607,HIGH
synthetic_demonstration,high,14.0,3.0,9.0,-41.5,-36.0,9.12,0.8579,HIGH
synthetic_demonstration,high,14.0,3.0,8.0,-38.8,-35.0,9.46,0.8607,HIGH
synthetic_demonstration,high,11.0,3.0,5.0,-40.2,-35.0,7.38,0.8607,HIGH
synthetic_demonstration,high,11.0,3.0,5.0,-38.6,-35.0,6.82,0.8607,HIGH
synthetic_demonstration,high,13.0,3.0,8.0,-40.7,-36.0,9.2,0.8579,HIGH
